hola	你好	¡Hola! ¿Cómo estás?	你好！你好吗？	[sound:v1.m4a]
buenos días	早上好	Buenos días, señor García.	早上好，加西亚先生。	[sound:v2.m4a]
buenas tardes	下午好	Buenas tardes, señora.	下午好，女士。	[sound:v3.m4a]
buenas noches	晚上好 / 晚安	Buenas noches, hasta mañana.	晚安，明天见。	[sound:v4.m4a]
gracias	谢谢	Muchas gracias.	非常感谢。	[sound:v5.m4a]
de nada	不客气	— De nada.	——不客气。	[sound:v6.m4a]
sí	是的	Sí, soy estudiante.	是的，我是学生。	[sound:v7.m4a]
no	不，不是	No, no hablo español.	不，我不会说西班牙语。	[sound:v8.m4a]
adiós	再见	¡Adiós, amigos!	再见，朋友们！	[sound:v9.m4a]
hasta luego	回头见	Hasta luego, nos vemos.	回头见，我们再见。	[sound:v10.m4a]
